{
  "products": [
    {
      "id": 1,
      "productName": "i-phone",
      "productPrice": 55000,
      "description": "This is the most seller i phone."
    },
    {
      "id": 2,
      "productName": "Mack Book",
      "productPrice": 65000,
      "description": "This is the most seller i phone."
    },
    {
      "id": 3,
      "productName": "Notepad",
      "productPrice": 15000,
      "description": "This is the most seller Notepad."
    },
    {
      "id": 4,
      "productName": "samsung x on",
      "productPrice": 45111,
      "description": "samsumg extra features mobile."
    },
    {
      "id": 5,
      "productName": "sandisk pendrive",
      "productPrice": 5000,
      "description": "320 gb size "
    }
  ]
}